situation,score,chain_sequence,step_1_id,step_1_text,step_1_svo,step_2_id,step_2_text,step_2_svo,step_3_id,step_3_text,step_3_svo,step_4_id,step_4_text,step_4_svo,step_5_id,step_5_text,step_5_svo,step_6_id,step_6_text,step_6_svo,step_7_id,step_7_text,step_7_svo,step_8_id,step_8_text,step_8_svo,step_9_id,step_9_text,step_9_svo
Rapport & Pacing,0.004944542756575367,ERICKSON_RAPPORT_BOUNDARY -> ERICKSON_INDIRECT_VALIDATION -> ERICKSON_PACING_AND_VALIDATION,ERICKSON_RAPPORT_BOUNDARY,"No, you and I are together, and those people are outside. It is a very nice way of illustrating that we are here and you fellows are over there.",,ERICKSON_INDIRECT_VALIDATION,"And you did that so nicely, and I didn't tell her to do that.",you->do->that; i->tell->her,ERICKSON_PACING_AND_VALIDATION,You are a little bit surprised about your left hand?,,,,,,,,,,,,,,,,,,,
Rapport & Pacing,0.0037580823675518664,ERICKSON_ALLIANCE_AND_REDIRECTION -> ERICKSON_ALLIANCE_PRESUPPOSITION -> ERICKSON_INDIRECT_SUGGESTION,ERICKSON_ALLIANCE_AND_REDIRECTION,"But you're still mad and so am I, because they ordered me to cure your bedwetting. But they can't give me orders like they give you. But before we fix them for that - with a slow, elaborate, attention-compelling, pointing gesture - look at those puppies right there. I like the brown one best, but I suppose you like the black-and-white one, because its front paws are white. If you are very careful, you can pet mine, too. I like puppies, don't you?",they->order->me; they->give->orders,ERICKSON_ALLIANCE_PRESUPPOSITION,"I'm glad you're not mad at me any more and I don't think that you or I have to tell your parents anything. In fact, maybe it would serve them just right for the way they brought you here if you waited until the school year was almost over. But one thing is certain. You can just bet that after you've had a dry bed for a month, they will get you a puppy just about like little Spotty there, even if you never say a word to them about it. They've just got to. Now close your eyes, take a deep breath, sleep deeply, and wake up awful hungry.",it->serve->them; they->bring->you,ERICKSON_INDIRECT_SUGGESTION,She didn’t watch her wiggle and watch all the others wiggle. Now all of you understand what I mean when I say “watch the others wiggle.” You’re staying awfully still for somebody who is awake. Now let your arm get more and more tired until you want to... use your left hand to push it down....,she->watch->wiggle,,,,,,,,,,,,,,,,,,
Rapport & Pacing,0.002031257675284325,ERICKSON_PACING_LEADING_PROCESS -> ERICKSON_ORIENTATION_SHIFT -> ERICKSON_UTILIZATION_NEGATIVE_HALLUCINATION -> ERICKSON_PERMISSIVE_SUGGESTION,ERICKSON_PACING_LEADING_PROCESS,"Betty, please stand up. Now walk slowly up to the stage. Continue on directly in front of me. Now don’t walk too fast or too slowly but go a little bit deeper into a trance with each step you take.",,ERICKSON_ORIENTATION_SHIFT,"Where are you, Betty? ... Where is here? ... Where are we? ... What’s there",,ERICKSON_UTILIZATION_NEGATIVE_HALLUCINATION,Nothing.,,ERICKSON_PERMISSIVE_SUGGESTION,You don’t have to go to the bathroom.,,,,,,,,,,,,,,,,
Rapport & Pacing,0.0017057579620816333,ERICKSON_PACING_AND_RAPPORT -> ERICKSON_UTILIZATION_PUN -> ERICKSON_TRUISM_UTILIZATION,ERICKSON_PACING_AND_RAPPORT,Pleased to meet you.,,ERICKSON_UTILIZATION_PUN,Any number of bugs will be all right.,,ERICKSON_TRUISM_UTILIZATION,I am partially color-blind.,,,,,,,,,,,,,,,,,,,
Rapport & Pacing,0.0016319567302096665,ERICKSON_PACING_LEADING_TRUISM -> ERICKSON_CHALLENGING_ASSUMPTIONS -> ERICKSON_UTILIZATION_RESISTANCE,ERICKSON_PACING_LEADING_TRUISM,"I suppose they are part of your problem, and that you really want help. You want your thinking clarified, and you want your emotions clarified on the subject of these affairs.",you->want->help,ERICKSON_CHALLENGING_ASSUMPTIONS,Who defined it as lurid?,who->define->it,ERICKSON_UTILIZATION_RESISTANCE,You don’t like what I’m doing to you right now?,,,,,,,,,,,,,,,,,,,
Rapport & Pacing,0.00145285479617665,ERICKSON_AFFIRMATION_PACING -> ERICKSON_BEHAVIORAL_VALIDATION -> ERICKSON_REFRAMING_AND_DIFFERENTIATION -> ERICKSON_REFRAMING,ERICKSON_AFFIRMATION_PACING,"Very, very often.",,ERICKSON_BEHAVIORAL_VALIDATION,"Now Ann is very, very free in discussing sex. She goes to bed in the nude. After sex relations she puts on her nightie. She likes to sleep in her nightie; she likes to make love in the nude. Sex relations, three times a week, four times a week, sometimes Saturday night, on Sunday morning, on Sunday night. Sometimes when they're alone, when daughter goes to visit a certain friend Sunday afternoon. Perfect freedom.",she->put->nightie,ERICKSON_REFRAMING_AND_DIFFERENTIATION,"You see, that would be a negative, hostile attitude on his part. That would be putting his wife in the nude in his presence, but also helping her to be completely unavailable. I would probably have varied my approach very greatly if Joe had arbitrarily insisted that she undress in the dark in the bedroom. That's a different sort of a picture.",that->put->wife; i->vary->approach,ERICKSON_REFRAMING,Poliomyelitis was the best teacher I ever had about human behavior and its potentials.,,,,,,,,,,,,,,,,
Rapport & Pacing,0.0014527534861528998,ERICKSON_YES_SET_CONFIRMATION -> ERICKSON_NARRATIVE_REASSOCIATION -> ERICKSON_PERSONAL_NARRATIVE_UTILIZATION -> ERICKSON_REFRAMING,ERICKSON_YES_SET_CONFIRMATION,"Yes, a tremendous number of interests.",,ERICKSON_NARRATIVE_REASSOCIATION,"Yes, and in August of 1919 I developed infantile paralysis. Finally I began using crutches, and then two canes, and then one cane. By the following summer I had improved enough so that I could take a sitting job in a pea canning factory to earn some money to go to college. The polio hit the right leg and the right arm. With polio, I lost my body sensation very completely. I didn't know where my legs were, and the nurse could put a towel over my face and then put my arm this way, and it was up to me to try to discover, because that was my task, where my arm was. I didn't know whether it was here, or here, or here. I had no idea at all. Then in recovering my body sensations, I might locate my elbow before I located my wrist or my hand or my shoulder. And here would be an elbow floating out in space somewhere out of relationship with the rest of my body. I might locate my thigh but not know where my leg was. I might locate my leg but be unaware of my foot. I might locate my big toe and locate my little toe, on the same foot that is, but have no real relationship. You see with your thumb and your finger-here's the thumb floating in space, and here's the little finger floating in space, but there's no connection such as you ordinarily have. Then I'd spend a good deal of time, morning, afternoon, and evening slowly building up, item by item, that sense of body orientation. Then as I began to recover from the paralysis - how do you move this toe and how do you feel it, and what does your shoulder have to do with a leg movement, because of the tension. Bear this in mind - on knee jerking, tense the hands and the arms and you exaggerate the knee joint.",i->develop->paralysis; i->take->job,ERICKSON_PERSONAL_NARRATIVE_UTILIZATION,"I spent hours lying in bed trying to locate, by a sense of feeling, my foot, my toes, because I'd been told that I would be bedridden for the rest of my life. I became acutely aware of what movements were. Then, of course, going into medicine I became aware of what muscles really are. It took me 10 years of time to develop an adequate limp, so that I could limp most efficiently. It made me extremely aware of physical movements, and that came in exceedingly handy in the matter of psychiatry and the matter of hypnosis. Because there are these little telltale movements, these little adjusting movements. You watch a polio victim, the way he tends to measure distances and the feeling of empathy that I have with him. That's one reason that I could recognize the gait of any of my fellow employees at the hospital. Because so much of our communication is on bodily movements, not just speech. The fact that I'm tone deaf makes me pay attention to inflections and not to be distracted by the content. My ability to recognize a good piano player, not by the noise he makes but by the ways his fingers touch the keys. That sure touch, delicate touch, a forceful touch, but it's so accurate. It's such a nice physical movement.",i->spend->hours; it->take->me,ERICKSON_REFRAMING,Poliomyelitis was the best teacher I ever had about human behavior and its potentials.,,,,,,,,,,,,,,,,
Rapport & Pacing,0.0014163337136034332,ERICKSON_PACING_INQUIRY -> ERICKSON_AGE_REGRESSION_TRANCE_DEEPENING -> ERICKSON_PACING_TRUISM,ERICKSON_PACING_INQUIRY,Where is that?,,ERICKSON_AGE_REGRESSION_TRANCE_DEEPENING,Pennsylvania. (In a lilting voice.) How old are you?,,ERICKSON_PACING_TRUISM,I notice that all of you are constantly changing your posture.,all->change->posture,,,,,,,,,,,,,,,,,,
Rapport & Pacing,0.001315105451979725,ERICKSON_YES_SET_COMPLIANCE -> ERICKSON_PACING_AND_RAPPORT -> ERICKSON_UTILIZATION_PUN -> ERICKSON_TRUISM_UTILIZATION,ERICKSON_YES_SET_COMPLIANCE,"No, today’s date. Your name, address, telephone number, your zip code, your degree, where you got it, your siblings and their sex and ages, your marital state, children, urban or rural background.",you->get->it,ERICKSON_PACING_AND_RAPPORT,Pleased to meet you.,,ERICKSON_UTILIZATION_PUN,Any number of bugs will be all right.,,ERICKSON_TRUISM_UTILIZATION,I am partially color-blind.,,,,,,,,,,,,,,,,
Rapport & Pacing,0.0012798094626929,ERICKSON_PACING_UTILIZATION -> ERICKSON_DOUBLE_BIND_REINFORCEMENT -> ERICKSON_ILLUSION_OF_CHOICE,ERICKSON_PACING_UTILIZATION,Now he is stepping over to my side.,,ERICKSON_DOUBLE_BIND_REINFORCEMENT,"Gracie, I’m going to do something to you that you won’t like — to which you will object very strenuously. I will stop doing it just as soon as you go into a hypnotic trance. Now you don’t know what hypnosis is, nor what a hypnotic trance is, but in the back of your mind you know what it is. So you stand there and if I do something offensive to you, you can know that I’ll stop just as soon as you are in a trance.",i->do->something,ERICKSON_ILLUSION_OF_CHOICE,Uncross your legs. Hold your hands on your knees. Does it make any difference if you count from here to there?,it->make->difference,,,,,,,,,,,,,,,,,,
Resistance & Utilization,0.004852144023720533,ERICKSON_PARADOXICAL_IMPLICATION -> ERICKSON_IDEOMOTOR_DYNAMICS -> ERICKSON_PACING_AND_VALIDATION,ERICKSON_PARADOXICAL_IMPLICATION,"Yes, and she knows she's been trying to stay awake! It's been a difficult job to stay awake. Therefore by implication, it's easy to lapse into sleep or trance.",,ERICKSON_IDEOMOTOR_DYNAMICS,"And I'd like to have you watch, look at my finger now. And I want you to notice something that happens to you. Take a deep breath, close your eyes. That's right. And all the time you are beginning to feel that you are learning more and more. And it's moving up toward your face, and as soon as your right hand touches your face, you'll take another deep breath and go deeper asleep. The closer your right hand gets to your face, the more your left hand will move away from it. And up goes the right hand. That's right. Up it goes, and the left hand is moving away. A little bit faster, and a little bit faster, that's it, and faster yet, and still faster, and still faster, and faster and faster, that's it. And now, while your hands are busy doing that, Ruth, I'd like to have you open your eyes and look at me. And now I want to teach you something of importance, as soon as your right hand touches your face. And it'll start moving away, and so we'll have that alternate movement. Do you understand? And Ruth, I want you to discover something else. It is rather hard for you to guide your hand. That's it.",you->notice->something; you->learn->more,ERICKSON_PACING_AND_VALIDATION,You are a little bit surprised about your left hand?,,,,,,,,,,,,,,,,,,,
Resistance & Utilization,0.0048491247711393,ERICKSON_UTILIZATION_VULNERABILITY -> ERICKSON_NORMALIZATION_THROUGH_CURIOSITY -> ERICKSON_PACING_AND_VALIDATION,ERICKSON_UTILIZATION_VULNERABILITY,"I must have had a slight dyslexia. I thought I knew for an absolute fact that when I said “co-mick-al, vin-",i->have->dyslexia; i->say->al,ERICKSON_NORMALIZATION_THROUGH_CURIOSITY,"Good heavens, I even encountered them when I was a kid on the farm. The average psychiatrist does not ever try to find out those things. What's odd and peculiar about you? What is the thing that you'd least like to tell me? And it's perfectly amazing the things that I hear.",i->encounter->them,ERICKSON_PACING_AND_VALIDATION,You are a little bit surprised about your left hand?,,,,,,,,,,,,,,,,,,,
Resistance & Utilization,0.0048455208010632,ERICKSON_UTILIZATION_AND_EXCLUSION -> ERICKSON_METAPHOR_INSIGHT -> ERICKSON_PACING_AND_VALIDATION,ERICKSON_UTILIZATION_AND_EXCLUSION,I saw them as they were. [Erickson draws a simple picture of a cloud effect with a 3 and an m in the center.] And this excluded everything else!,i->see->them; erickson->draw->picture,ERICKSON_METAPHOR_INSIGHT,"Yes, I can’t remember anything else pertaining to that day. The most blinding, dazzling flash of light occurred in my sophomore year of high school. I had the nickname in grade school and high school, “Dictionary,” because I spent so much time reading the dictionary in the back of the room. Suddenly a blinding, dazzling flash of light occurred because I just learned how to use the dictionary. Up to that moment in looking up a word, I started at the first page and went through every column, page after page until I reached the word. In that blinding flash of light I realized that you use the alphabet as an ordered system for looking up a word. The students who brought their lunch to school always ate in the basement. I don’t know how long I sat there completely dazzled by the blinding light, but when I did get down to the basement, most of the students had finished their lunches. When they asked me why I was so late in reaching the basement, I knew that I wouldn’t tell them that I had just learned how to use the dictionary. I don’t know why it took me so long. Did my unconscious purposely withhold that knowledge because of the immense amount of education I got from",i->remember->anything; i->have->nickname,ERICKSON_PACING_AND_VALIDATION,You are a little bit surprised about your left hand?,,,,,,,,,,,,,,,,,,,
Resistance & Utilization,0.004842239738284334,ERICKSON_UTILIZATION_OF_ENVIRONMENT -> ERICKSON_SELF_MODELING -> ERICKSON_PACING_AND_VALIDATION,ERICKSON_UTILIZATION_OF_ENVIRONMENT,"In doing experimental hypnotic work with a subject in the laboratory I would notice we were all alone. The only thing present was the subject, the physical apparatus I was using to graph his behavior, and myself.",,ERICKSON_SELF_MODELING,"Yes, I discovered I was in a trance with my subject. The next thing I wanted to learn was, could I do equally good work with reality all around me, or did I have to go into trance. I found I could work equally well under both conditions.",i->do->work,ERICKSON_PACING_AND_VALIDATION,You are a little bit surprised about your left hand?,,,,,,,,,,,,,,,,,,,
Resistance & Utilization,0.0038064338772378996,ERICKSON_UTILIZATION_MOMENTUM -> ERICKSON_ANALOGY_REFRAMING -> ERICKSON_INDIRECT_SUGGESTION,ERICKSON_UTILIZATION_MOMENTUM,"Yes, by the end of the hour she told me everything because once she told me one thing it led to the next. She finally found she had nothing she had any doubts about telling me. An analyst could have dealt with those resistances for several years.",she->tell->everything; she->tell->thing,ERICKSON_ANALOGY_REFRAMING,manipulative in the same sense as when you put salt on food to manipulate your sense of taste.,you->put->salt,ERICKSON_INDIRECT_SUGGESTION,She didn’t watch her wiggle and watch all the others wiggle. Now all of you understand what I mean when I say “watch the others wiggle.” You’re staying awfully still for somebody who is awake. Now let your arm get more and more tired until you want to... use your left hand to push it down....,she->watch->wiggle,,,,,,,,,,,,,,,,,,
Resistance & Utilization,0.003780546853000125,ERICKSON_UTILIZATION_AND_SELECTIVE_PERCEPTION -> ERICKSON_PROVOCATIVE_INQUIRY -> ERICKSON_INDIRECT_VALIDATION -> ERICKSON_PACING_AND_VALIDATION,ERICKSON_UTILIZATION_AND_SELECTIVE_PERCEPTION,"Now your feelings may be positive, they may be negative, but I would like to have you feel exceedingly comfortable about this matter of a straightforward, careful examination within your own mind about all of these things that are troubling you emotionally—perhaps troubling you in a great variety of ways— and just give your attention to those particular things. And you can select out of all that I say those words that are meaningful to your problem.",i->say->words,ERICKSON_PROVOCATIVE_INQUIRY,What would happen if you spit on someone?,,ERICKSON_INDIRECT_VALIDATION,"And you did that so nicely, and I didn't tell her to do that.",you->do->that; i->tell->her,ERICKSON_PACING_AND_VALIDATION,You are a little bit surprised about your left hand?,,,,,,,,,,,,,,,,
Resistance & Utilization,0.003758884216331733,ERICKSON_UTILIZATION_AND_RAPPORT -> ERICKSON_UTILIZATION_AND_CURIOSITY -> ERICKSON_INDIRECT_SUGGESTION,ERICKSON_UTILIZATION_AND_RAPPORT,"And, stranger, what is your first name?",,ERICKSON_UTILIZATION_AND_CURIOSITY,"All right, my German friend, I just asked her if her middle name was Lee. Sarah Lee. Do you know why?",i->ask->her,ERICKSON_INDIRECT_SUGGESTION,She didn’t watch her wiggle and watch all the others wiggle. Now all of you understand what I mean when I say “watch the others wiggle.” You’re staying awfully still for somebody who is awake. Now let your arm get more and more tired until you want to... use your left hand to push it down....,she->watch->wiggle,,,,,,,,,,,,,,,,,,
Resistance & Utilization,0.0035043701887284336,ERICKSON_UTILIZATION_AGREEMENT -> ERICKSON_PRESUPPOSITION_QUANTITY -> ERICKSON_REFRAMING_UTILIZATION,ERICKSON_UTILIZATION_AGREEMENT,Yes. Let’s protect the situation.,’s->protect->situation,ERICKSON_PRESUPPOSITION_QUANTITY,How much hypnosis do you think you'll need to achieve a freedom from the disgusting qualities of fear and of claustrophobia?,,ERICKSON_REFRAMING_UTILIZATION,"Now, I want to make the accusation of all of you that you talk too softly. I think the truth is, I can’t hear so well.",,,,,,,,,,,,,,,,,,,
Resistance & Utilization,0.0034570058175779333,ERICKSON_UTILIZATION_OF_CONTEXT -> ERICKSON_PHYSIOLOGICAL_ANCHORING -> ERICKSON_REFRAMING_UTILIZATION,ERICKSON_UTILIZATION_OF_CONTEXT,While everybody looks on?,,ERICKSON_PHYSIOLOGICAL_ANCHORING,Start looking. She’s going to unblink Blinky. And Blinky is predominantly right-eyed.,,ERICKSON_REFRAMING_UTILIZATION,"Now, I want to make the accusation of all of you that you talk too softly. I think the truth is, I can’t hear so well.",,,,,,,,,,,,,,,,,,,
Resistance & Utilization,0.003217522557989133,ERICKSON_UTILIZATION_LINKING -> ERICKSON_LINKAGE_BIND -> ERICKSON_CONSCIOUS_UNCONSCIOUS_DISSOCIATION,ERICKSON_UTILIZATION_LINKING,"And you can go into a trance just as easily and quickly as your unconscious answered that question just by continuing to watch as your unconscious mind continues to move your hand up toward your face. As your hand moves up, your eyes will close, and you will go into a deep trance.",unconscious->answer->question,ERICKSON_LINKAGE_BIND,"As your hand moves up, your eyes will close, and you will go into a deep trance.",,ERICKSON_CONSCIOUS_UNCONSCIOUS_DISSOCIATION,"Now, another thing I want to call your attention to is the matter of hypnosis. Hypnosis is the ceasing to use your conscious awareness; in hypnosis you begin to use your unconscious awareness. Because unconsciously you know as much and a lot more than you do consciously.",you->know->much,,,,,,,,,,,,,,,,,,
Confusion & Induction,0.0038076590024682996,ERICKSON_CONFUSION_INTERROGATIVE -> ERICKSON_NEGATIVE_APPROACH -> ERICKSON_INDIRECT_SUGGESTION,ERICKSON_CONFUSION_INTERROGATIVE,Do you think you're awake?,,ERICKSON_NEGATIVE_APPROACH,"""That could be worked on."" It's a negative approach. You're just raising this as an unimportant question. ""Do you suppose there are problems that could be worked on?""",you->raise->this,ERICKSON_INDIRECT_SUGGESTION,She didn’t watch her wiggle and watch all the others wiggle. Now all of you understand what I mean when I say “watch the others wiggle.” You’re staying awfully still for somebody who is awake. Now let your arm get more and more tired until you want to... use your left hand to push it down....,she->watch->wiggle,,,,,,,,,,,,,,,,,,
Confusion & Induction,0.0038068721371395,ERICKSON_CONFUSION_BY_PANTOMIME -> ERICKSON_ANALOGY_REFRAMING -> ERICKSON_INDIRECT_SUGGESTION,ERICKSON_CONFUSION_BY_PANTOMIME,"A completely pantomime technique would have to be used, and the subject’s own state of mental uncertainty and eagerness to comprehend would effect the same sort of readiness to accept any comprehensible communication by pantomime as is effected by clear-cut definite communications in the Confusion Technique.",state->effect->sort,ERICKSON_ANALOGY_REFRAMING,manipulative in the same sense as when you put salt on food to manipulate your sense of taste.,you->put->salt,ERICKSON_INDIRECT_SUGGESTION,She didn’t watch her wiggle and watch all the others wiggle. Now all of you understand what I mean when I say “watch the others wiggle.” You’re staying awfully still for somebody who is awake. Now let your arm get more and more tired until you want to... use your left hand to push it down....,she->watch->wiggle,,,,,,,,,,,,,,,,,,
Confusion & Induction,0.0037586172799344664,ERICKSON_SHOCK_AND_METAPHOR -> ERICKSON_INDIRECT_SUGGESTION_AND_CHALLENGE -> ERICKSON_INDIRECT_SUGGESTION,ERICKSON_SHOCK_AND_METAPHOR,"That is a ‘hell of a mess on my desk, and sometime when I get through straightening out patients, I’ll straighten up the desk, too.",i->straighten->desk,ERICKSON_INDIRECT_SUGGESTION_AND_CHALLENGE,"I am delighted to see you gentlemen today. I have one of the easiest cases in the world for you. You do not have to take any history of the patient. J just want you to look at the patient, and having looked at the patient, to give me a diagnosis. The patient is 72 years old and is exceedingly psychotic. She will not understand anything you say. She will look at you slightly alert, but she still will not know whether you are dead or alive—she responds in the very same way to inanimate objects as well. She will be lying there in bed, and remember, it is an awfully hot day today. It is terribly humid, and the patient is going to be lying there in bed. You will stand around her bed, three of you on one side and three on the other. You will stand there silently. You will not exchange any ideas. You will not try to question her. You will not look toward each other. Look only at the patient. As soon as you know the diagnosis, come to the nurses’ station. I will be back in one hour’s time to see if any of you has arrived at the correct diagnosis. I hope you have, because it is going to be difficult to stand here silently for one whole hour on such a wretchedly hot and humid day.",i->have->one; she->understand->anything,ERICKSON_INDIRECT_SUGGESTION,She didn’t watch her wiggle and watch all the others wiggle. Now all of you understand what I mean when I say “watch the others wiggle.” You’re staying awfully still for somebody who is awake. Now let your arm get more and more tired until you want to... use your left hand to push it down....,she->watch->wiggle,,,,,,,,,,,,,,,,,,
Confusion & Induction,0.003639051134197,ERICKSON_IDEOMOTOR_GUIDANCE -> ERICKSON_INEVITABILITY_FRAME -> ERICKSON_IDEOMOTOR_LINKAGE -> ERICKSON_PACING_AND_VALIDATION,ERICKSON_IDEOMOTOR_GUIDANCE,A little bit higher.,,ERICKSON_INEVITABILITY_FRAME,There is nothing you can do to stop your hand from feeling hair.,,ERICKSON_IDEOMOTOR_LINKAGE,"The feeling of hair, and you can't stop your hand from doing that. And now you know that whenever you wish your penis can stand up and feel hair.",you->stop->hand,ERICKSON_PACING_AND_VALIDATION,You are a little bit surprised about your left hand?,,,,,,,,,,,,,,,,
Confusion & Induction,0.003639035571514575,ERICKSON_TRANCE_DESCRIPTION -> ERICKSON_TRUISM_CALIBRATION -> ERICKSON_CHALLENGE_TO_CONSCIOUS_DEFINITION -> ERICKSON_PACING_AND_VALIDATION,ERICKSON_TRANCE_DESCRIPTION,He was further away. H tended to go into a reality that included himself and me but excluding S and you.,that->include->himself,ERICKSON_TRUISM_CALIBRATION,"A person could be looking right at you, yet you know they are not paying attention to you without their even knowing they are not paying attention.",they->pay->attention; they->pay->attention,ERICKSON_CHALLENGE_TO_CONSCIOUS_DEFINITION,"But can you define that ""faraway look"" in precise terms?",you->define->look,ERICKSON_PACING_AND_VALIDATION,You are a little bit surprised about your left hand?,,,,,,,,,,,,,,,,
Confusion & Induction,0.0035776124275751,ERICKSON_SHOCK_AND_DOUBLE_BIND -> ERICKSON_DOUBLE_BIND_HUMILITY -> ERICKSON_UTILIZATION_REFRAMING,ERICKSON_SHOCK_AND_DOUBLE_BIND,"Yes. But, of course, with that couple I told them they needed shock treatment. And then I proceeded to give them the shock treatment. Now in raising this question of dancing in the nude into the bedroom in the dark, I was literally telling her, ""You can enter the bedroom in the nude. You can carry out this ridiculous fantasy. You can find it amusing. You can experience a lot of feelings within yourself very, very safely."" So I've got her in the process of actually dealing with her own reality, her own feelings. Then, of course, the double bind. I didn't think she ought to do that too soon.",i->tell->them; they->need->treatment,ERICKSON_DOUBLE_BIND_HUMILITY,"Just as soon as you think you can discuss your sexual maladjustments, let me know. Let me know directly, or let me know indirectly. I don't care which it is, and if I'm too stupid to recognize an indirect mention of it, be sure you make me pay attention.",you->discuss->maladjustments; me->pay->attention,ERICKSON_UTILIZATION_REFRAMING,"Well, since I can’t get anything out of her, I will create a situation in which Mary can really teach us all a great deal.",i->get->anything; i->create->situation,,,,,,,,,,,,,,,,,,
Confusion & Induction,0.003453981938624067,ERICKSON_AMBIGUITY_AND_RAPPORT -> ERICKSON_AWARENESS_TEST -> ERICKSON_REFRAMING_UTILIZATION,ERICKSON_AMBIGUITY_AND_RAPPORT,Tell us what you think we've experienced.,,ERICKSON_AWARENESS_TEST,"Do you hear your daughter? How do you feel about that? Does it distress you? That's an odd feeling, isn't it?",you->hear->daughter; it->distress->you,ERICKSON_REFRAMING_UTILIZATION,"Now, I want to make the accusation of all of you that you talk too softly. I think the truth is, I can’t hear so well.",,,,,,,,,,,,,,,,,,,
Confusion & Induction,0.003264533746388866,ERICKSON_INTERRUPTED_TRUISM -> ERICKSON_DIRECT_INQUIRY_TRANCE -> ERICKSON_CONSCIOUS_UNCONSCIOUS_DISSOCIATION,ERICKSON_INTERRUPTED_TRUISM,You don’t think completely. And you—,,ERICKSON_DIRECT_INQUIRY_TRANCE,Yes— —are you in a trance?,,ERICKSON_CONSCIOUS_UNCONSCIOUS_DISSOCIATION,"Now, another thing I want to call your attention to is the matter of hypnosis. Hypnosis is the ceasing to use your conscious awareness; in hypnosis you begin to use your unconscious awareness. Because unconsciously you know as much and a lot more than you do consciously.",you->know->much,,,,,,,,,,,,,,,,,,
Confusion & Induction,0.0029968557201882602,ERICKSON_TRANCE_INDUCTION_DESCRIPTION -> ERICKSON_CALIBRATION_UTILIZATION -> ERICKSON_DISSOCIATION_PRINCIPLE -> ERICKSON_LEARNING_PROCESS -> ERICKSON_PACING_AND_VALIDATION,ERICKSON_TRANCE_INDUCTION_DESCRIPTION,And she's removing herself from this reality to go into a different reality where R's reality and H's reality is changed and mine is becoming less and less important. And my voice? I don't know exactly how she hears it. Maybe as a distant sound which she does not feel a need to hear. I am close enough to her for her to hear me.,she->remove->herself; she->hear->it,ERICKSON_CALIBRATION_UTILIZATION,"Yes, her sensory process. It was my word “visual” and her action was visual.",,ERICKSON_DISSOCIATION_PRINCIPLE,"To separate her from our reality (the tripart reality shared by E, R, and H) helps deepen the trance by focusing her in on her own reality.",,ERICKSON_LEARNING_PROCESS,"I discovered the hard way. Part of my early experience was in subjects always awakening, and I had a lot of difficulty. I'd have one subject in one room and another in another room, and they would awaken when I left the room. I discovered I had to leave them in a certain way, so they would maintain their trance state. I had to assure them they were not being deserted. They could rely upon me to return to them; I was only temporarily absent. At first I told them that verbally, and later I learned how to use nonverbal cues.",i->discover->way; i->have->lot,ERICKSON_PACING_AND_VALIDATION,You are a little bit surprised about your left hand?,,,,,,,,,,,,,
Confusion & Induction,0.00293968780554036,ERICKSON_TRANCE_DEPTH_CALIBRATION -> ERICKSON_TRANCE_DESCRIPTION -> ERICKSON_TRUISM_CALIBRATION -> ERICKSON_CHALLENGE_TO_CONSCIOUS_DEFINITION -> ERICKSON_PACING_AND_VALIDATION,ERICKSON_TRANCE_DEPTH_CALIBRATION,Yes. At this point H's distance was much greater than S's.,,ERICKSON_TRANCE_DESCRIPTION,He was further away. H tended to go into a reality that included himself and me but excluding S and you.,that->include->himself,ERICKSON_TRUISM_CALIBRATION,"A person could be looking right at you, yet you know they are not paying attention to you without their even knowing they are not paying attention.",they->pay->attention; they->pay->attention,ERICKSON_CHALLENGE_TO_CONSCIOUS_DEFINITION,"But can you define that ""faraway look"" in precise terms?",you->define->look,ERICKSON_PACING_AND_VALIDATION,You are a little bit surprised about your left hand?,,,,,,,,,,,,,
Deepening & Ratification,0.0037589479399079665,ERICKSON_TIME_DOUBLE_BIND -> ERICKSON_PERMISSIVE_RELAXATION -> ERICKSON_INDIRECT_SUGGESTION,ERICKSON_TIME_DOUBLE_BIND,"Take all the time that you want to go deeply into a trance. Go only as deeply as you want to go, and take all the time that is necessary, but you really don’t need to waste any time at all. But take your time, and go deeply and quickly into a trance in the way that is most satisfying to you.",,ERICKSON_PERMISSIVE_RELAXATION,"Now relax gently... feel at ease... be comfortable all over... and begin relaxing your feet, and your legs, and your thighs... and feel the comfort of your arms... and take all the time that you want to take.",,ERICKSON_INDIRECT_SUGGESTION,She didn’t watch her wiggle and watch all the others wiggle. Now all of you understand what I mean when I say “watch the others wiggle.” You’re staying awfully still for somebody who is awake. Now let your arm get more and more tired until you want to... use your left hand to push it down....,she->watch->wiggle,,,,,,,,,,,,,,,,,,
Deepening & Ratification,0.003676101802843525,ERICKSON_RATIFICATION_AND_CHALLENGE -> ERICKSON_DIRECT_ASSERTION -> ERICKSON_TIME_DISTORTION_INQUIRY -> ERICKSON_PACING_AND_VALIDATION,ERICKSON_RATIFICATION_AND_CHALLENGE,That's right. And you're sure you are wide awake now?,,ERICKSON_DIRECT_ASSERTION,No doubts!,,ERICKSON_TIME_DISTORTION_INQUIRY,What time do you think it is right now?,,ERICKSON_PACING_AND_VALIDATION,You are a little bit surprised about your left hand?,,,,,,,,,,,,,,,,
Deepening & Ratification,0.002756388844278867,ERICKSON_TIME_DISTORTION_RECALL -> ERICKSON_CHALLENGING_AMBIGUITY -> ERICKSON_YES_SET_PACING,ERICKSON_TIME_DISTORTION_RECALL,"You will in due course say something Long forgotten now remembered. (Pause) A very happy memory. And then the next year you will remember, and the year after that, and the year after that, and time is passing rapidly",you->say->something,ERICKSON_CHALLENGING_AMBIGUITY,"When is ""in due course""?",,ERICKSON_YES_SET_PACING,And are there lots of trees?,,,,,,,,,,,,,,,,,,,
Deepening & Ratification,0.002037113925291567,ERICKSON_TIME_DISTORTION_VALIDATION -> ERICKSON_CHALLENGE_AUTHORITY -> ERICKSON_PRESUPPOSITION,ERICKSON_TIME_DISTORTION_VALIDATION,We have done a lot together. You have been here two and a quarter hours. Do you believe me?,we->do->lot; you->believe->me,ERICKSON_CHALLENGE_AUTHORITY,"Why, just because I said it?",i->say->it,ERICKSON_PRESUPPOSITION,And how straight a line would you walk?,,,,,,,,,,,,,,,,,,,
Deepening & Ratification,0.0018953884546448665,ERICKSON_TIME_DISTORTION_AND_PACING -> ERICKSON_INDIRECT_ENVIRONMENTAL_MANIPULATION -> ERICKSON_REFRAMING,ERICKSON_TIME_DISTORTION_AND_PACING,"I had told him that I didn't know how long it would take the ulcer to heal. It was my feeling, since he had had it continuously for two years, that it really ought to take a month. That he could watch it from every three, four days to the next three or four days in the mirror to see how it's progressing. Not day by day. He would be able to find out when it was healed; then he might want to write an extra weekend after it was healed.",i->tell->him; it->take->ulcer,ERICKSON_INDIRECT_ENVIRONMENTAL_MANIPULATION,He took his breaks. He started at 6 o'clock. I told his mother to be sure to be very dilatory in preparing his breakfast.,he->take->breaks; i->tell->mother,ERICKSON_REFRAMING,Poliomyelitis was the best teacher I ever had about human behavior and its potentials.,,,,,,,,,,,,,,,,,,,
Deepening & Ratification,0.0017052057456128668,ERICKSON_TIME_DISTORTION_IDENTITY_INTEGRATION -> ERICKSON_TIME_DISTORTION_INTEGRATION -> ERICKSON_TRUISM_UTILIZATION,ERICKSON_TIME_DISTORTION_IDENTITY_INTEGRATION,"Would you like to rest? All right. Just close your eyes and rest. Very comfortably. Rest. And have a long rest. A rest that seems hours long. Hours long with hours of comfort. And as the comfort builds up in your body that supports that intelligence, and looks at that larger number of little girls each named Jill, but a different Jill each time, feeling different, doing different, thinking different, and really different, yet always Jill. And soon this intelligence will renew its curious, fascinating looking at that long line of girls all Jill. None of which can see the other, all of which have only faint memories, partial memories of smaller Jills, and only partial ideas of what the bigger Jill is like that this intelligence can look in curiosity and interest and enjoy describing each one of those Jills. A feeling so rested now, as if you had eight hours of sound and restful sleep. It is going to be a pleasure to open your eyes and start talking about those girls.",that->support->intelligence; intelligence->renew->looking,ERICKSON_TIME_DISTORTION_INTEGRATION,"I use time distortion here to allow her to adjust to the awake state, yet allowing her to retain all the memories of the different Jill states.",i->use->distortion; her->retain->memories,ERICKSON_TRUISM_UTILIZATION,I am partially color-blind.,,,,,,,,,,,,,,,,,,,
Deepening & Ratification,0.0015637876932568001,ERICKSON_RATIFICATION_TAG -> ERICKSON_TIME_DISTORTION_VALIDATION -> ERICKSON_CHALLENGE_AUTHORITY -> ERICKSON_PRESUPPOSITION,ERICKSON_RATIFICATION_TAG,"We have done a lot together, haven't we?",we->do->lot,ERICKSON_TIME_DISTORTION_VALIDATION,We have done a lot together. You have been here two and a quarter hours. Do you believe me?,we->do->lot; you->believe->me,ERICKSON_CHALLENGE_AUTHORITY,"Why, just because I said it?",i->say->it,ERICKSON_PRESUPPOSITION,And how straight a line would you walk?,,,,,,,,,,,,,,,,
Deepening & Ratification,0.0014805886410056285,ERICKSON_VALIDATION_META -> ERICKSON_WAKING_TRANCE_TEST -> ERICKSON_LITERALISM_TEST -> ERICKSON_GUIDED_IMAGERY_SPECIFICATION -> ERICKSON_VISUALIZATION_DEEPENING -> ERICKSON_UTILIZATION_FACTUAL -> ERICKSON_CONSCIOUS_UNCONSCIOUS_DISSOCIATION,ERICKSON_VALIDATION_META,Yes. I'm proving the trance exists.,,ERICKSON_WAKING_TRANCE_TEST,"Who is here? Who else? Is your daughter's voice here? That's a nice sound, isn't it? How do you feel about being in a trance with your eyes wide open? And what is going on? Are you enjoying yourself?",you->enjoy->yourself,ERICKSON_LITERALISM_TEST,What am I doing? Anything else? Anything else? And how are you seeing me?,you->see->me,ERICKSON_GUIDED_IMAGERY_SPECIFICATION,She’s on the platform. Where is the platform?,,ERICKSON_VISUALIZATION_DEEPENING,In an auditorium. Now where is the auditorium?,,ERICKSON_UTILIZATION_FACTUAL,And where is the hospital?,,ERICKSON_CONSCIOUS_UNCONSCIOUS_DISSOCIATION,"Now, another thing I want to call your attention to is the matter of hypnosis. Hypnosis is the ceasing to use your conscious awareness; in hypnosis you begin to use your unconscious awareness. Because unconsciously you know as much and a lot more than you do consciously.",you->know->much,,,,,,
Deepening & Ratification,0.00124775066068,ERICKSON_RATIFICATION_OF_CHANGE -> ERICKSON_SPECIFIC_INQUIRY -> ERICKSON_DIRECTIVE_EXPECTATION -> ERICKSON_TRUISM_AND_MULTIPLE_CHOICE -> ERICKSON_DIRECTIVE_REFRAMING -> ERICKSON_DIRECT_COMMAND_FOR_OBSERVATION -> ERICKSON_METAPHOR_FUTURE_PACING -> ERICKSON_PRESUPPOSITION_IGNORANCE -> ERICKSON_CONSCIOUS_UNCONSCIOUS_DISSOCIATION,ERICKSON_RATIFICATION_OF_CHANGE,Notice the ease with which he now accepts my observations about his left arm and hand anesthesia. His questions all imply an acceptance.,he->accept->observations; questions->imply->acceptance,ERICKSON_SPECIFIC_INQUIRY,Let's go back to that word threat. What was the threat?,,ERICKSON_DIRECTIVE_EXPECTATION,Now you keep very quiet. Your husband has got something to say.,husband->get->something,ERICKSON_TRUISM_AND_MULTIPLE_CHOICE,"You have a lot of thinking to do. Do you want to continue your marriage, do you want a divorce, do you want a separation?",you->have->lot; you->want->divorce,ERICKSON_DIRECTIVE_REFRAMING,"That's an impulsive utterance. Suppose you come back here a week from now. In the meantime, don't see her. Do all of your own thinking all by yourself.",,ERICKSON_DIRECT_COMMAND_FOR_OBSERVATION,Just sit down and be quiet.,,ERICKSON_METAPHOR_FUTURE_PACING,"Give yourself plenty of time. Now your hands have fizzled out for today. They can have some wetness tomorrow, the next day. And you will be surprised at the increase in length of dry times. After a while you will have a drought on your hands. Now and then it rains even in the desert.",they->have->wetness; you->have->drought,ERICKSON_PRESUPPOSITION_IGNORANCE,"You really don’t know, do you? In what way did I touch your elbow differently?",i->touch->elbow,ERICKSON_CONSCIOUS_UNCONSCIOUS_DISSOCIATION,"Now, another thing I want to call your attention to is the matter of hypnosis. Hypnosis is the ceasing to use your conscious awareness; in hypnosis you begin to use your unconscious awareness. Because unconsciously you know as much and a lot more than you do consciously.",you->know->much
Deepening & Ratification,0.00122008174571252,ERICKSON_VALIDATION_ACCEPTANCE -> ERICKSON_RELATIONAL_PROMPT -> ERICKSON_SOURCE_INQUIRY -> ERICKSON_INTERROGATIVE_FOCUS -> ERICKSON_REFRAMING,ERICKSON_VALIDATION_ACCEPTANCE,Sure.,,ERICKSON_RELATIONAL_PROMPT,What do you want to do in relationship to the harp?,,ERICKSON_SOURCE_INQUIRY,And whose idea was it that you be a concert harpist?,,ERICKSON_INTERROGATIVE_FOCUS,Now why did you have wet hands?,you->have->hands,ERICKSON_REFRAMING,Poliomyelitis was the best teacher I ever had about human behavior and its potentials.,,,,,,,,,,,,,
Metaphor & Narrative,0.0038056004428399996,ERICKSON_METAPHOR_MODERNIZATION -> ERICKSON_SENSORY_EVOCATION -> ERICKSON_INDIRECT_SUGGESTION,ERICKSON_METAPHOR_MODERNIZATION,"Ten to three. I asked you yesterday if you believed in Aladdin’s lamp out of which a genie would come. Now how many of you believe that a genie can come out of a lamp? You know that childhood story, don’t you, about Aladdin and his magic lamp? I have an Aladdin’s lamp and it is modernized. I don’t have to stroke it. I just plug it in the wall socket and the genie comes forth — a real genie. You think I am telling you a tale or telling you the truth? Huh?",i->ask->you; story->do->you,ERICKSON_SENSORY_EVOCATION,"Well, she kisses, she smiles, she winks. Would you like to meet that kind of beautiful genie?",,ERICKSON_INDIRECT_SUGGESTION,She didn’t watch her wiggle and watch all the others wiggle. Now all of you understand what I mean when I say “watch the others wiggle.” You’re staying awfully still for somebody who is awake. Now let your arm get more and more tired until you want to... use your left hand to push it down....,she->watch->wiggle,,,,,,,,,,,,,,,,,,
Metaphor & Narrative,0.0035777297905473,ERICKSON_METAPHOR_AUTONOMY -> ERICKSON_REFRAMING_EXTERNALIZATION -> ERICKSON_UTILIZATION_REFRAMING,ERICKSON_METAPHOR_AUTONOMY,"I don’t know how to tell you how to drive your car home for the simple reason that I know nothing about your reflex responses, your reaction time, or anything of that sort; I am simply not qualified to tell you how to drive a car, even though I myself know how to drive a car. I do not know how you react to red lights or green lights, or how you react to pedestrians; so the best that I could do would be",i->know->nothing,ERICKSON_REFRAMING_EXTERNALIZATION,"Your dad feels that you should be a very, very clever second-storey workman; that you ought to be able to sneak up to a second storey and rob the bedrooms therein, and do a perfectly beautiful job of it. Your dad says that. His friends say that. What do you really think about it?",dad->say->that; friends->say->that,ERICKSON_UTILIZATION_REFRAMING,"Well, since I can’t get anything out of her, I will create a situation in which Mary can really teach us all a great deal.",i->get->anything; i->create->situation,,,,,,,,,,,,,,,,,,
Metaphor & Narrative,0.0035775400224181335,ERICKSON_SYMBOLIC_GROWTH_TASK -> ERICKSON_STRATEGIC_REFERRAL -> ERICKSON_UTILIZATION_REFRAMING,ERICKSON_SYMBOLIC_GROWTH_TASK,"So your husband will take you home and get you an eucalyptus sapling. You tell him where to plant it. Eucalyptus trees grow very rapidly in Arizona. I want you to name that eucalyptus sapling, Cynthia’s. I want you to watch Cynthia grow. I want you to look forward to the day when you can sit in the shade of Cynthia.",husband->take->you; you->tell->him,ERICKSON_STRATEGIC_REFERRAL,"I’ll have to see you another time but first I want you to see a friend of mine, a rheumatologist. The rheumatologist owes me a lot of money and I’ll tell him not to charge you. We’ll put it against the account he owes me.",you->see->friend; rheumatologist->owe->lot,ERICKSON_UTILIZATION_REFRAMING,"Well, since I can’t get anything out of her, I will create a situation in which Mary can really teach us all a great deal.",i->get->anything; i->create->situation,,,,,,,,,,,,,,,,,,
Metaphor & Narrative,0.0034574844478927,ERICKSON_STORYTELLING_ANCHOR -> ERICKSON_INTERRUPTION_PATTERN -> ERICKSON_REFRAMING_UTILIZATION,ERICKSON_STORYTELLING_ANCHOR,"He said, “That patient was so surprised.” The patient said, “What can I do to repay you?” Don said, “You can remember me”.",you->remember->me,ERICKSON_INTERRUPTION_PATTERN,"“You can remember me.” Sometime later, my friend got a block of wood out of which he made some cellos and violins. When you seem to be doing damn fool things, it takes your patient’s mind off his pain. And Don is very perfect at that. (To the group.) What time is it, please?",you->remember->me; friend->get->block,ERICKSON_REFRAMING_UTILIZATION,"Now, I want to make the accusation of all of you that you talk too softly. I think the truth is, I can’t hear so well.",,,,,,,,,,,,,,,,,,,
Metaphor & Narrative,0.003360445710213733,ERICKSON_METAPHOR_FUTURE_PACING -> ERICKSON_PRESUPPOSITION_IGNORANCE -> ERICKSON_CONSCIOUS_UNCONSCIOUS_DISSOCIATION,ERICKSON_METAPHOR_FUTURE_PACING,"Give yourself plenty of time. Now your hands have fizzled out for today. They can have some wetness tomorrow, the next day. And you will be surprised at the increase in length of dry times. After a while you will have a drought on your hands. Now and then it rains even in the desert.",they->have->wetness; you->have->drought,ERICKSON_PRESUPPOSITION_IGNORANCE,"You really don’t know, do you? In what way did I touch your elbow differently?",i->touch->elbow,ERICKSON_CONSCIOUS_UNCONSCIOUS_DISSOCIATION,"Now, another thing I want to call your attention to is the matter of hypnosis. Hypnosis is the ceasing to use your conscious awareness; in hypnosis you begin to use your unconscious awareness. Because unconsciously you know as much and a lot more than you do consciously.",you->know->much,,,,,,,,,,,,,,,,,,
Metaphor & Narrative,0.0032731315921382662,ERICKSON_SYMBOLIC_UTILIZATION -> ERICKSON_METAPHOR_ABUNDANCE -> ERICKSON_CONSCIOUS_UNCONSCIOUS_DISSOCIATION,ERICKSON_SYMBOLIC_UTILIZATION,So what part of the itch does he want to keep?,,ERICKSON_METAPHOR_ABUNDANCE,And the stones would be the not-so-good things. In successful living you can always afford to throw away a lot of gems because there are always a lot more available to you. Those gemlike friendships of childhood can be given up because there are other things for the adult. Now the beating a playmate gave you - that is a stone you toss aside.,beating->give->you,ERICKSON_CONSCIOUS_UNCONSCIOUS_DISSOCIATION,"Now, another thing I want to call your attention to is the matter of hypnosis. Hypnosis is the ceasing to use your conscious awareness; in hypnosis you begin to use your unconscious awareness. Because unconsciously you know as much and a lot more than you do consciously.",you->know->much,,,,,,,,,,,,,,,,,,
Metaphor & Narrative,0.0027597233259193,ERICKSON_METAPHOR_DISSOCIATION -> ERICKSON_BYPASS_CONSCIOUS_CONTROL -> ERICKSON_PERMISSIVE_SUGGESTION,ERICKSON_METAPHOR_DISSOCIATION,"In training a rifle team for the international shoot, I told them to let the sight wander back and forth, up and down, all over the target. You don't know just when you'll squeeze the trigger.",i->tell->them; you->squeeze->trigger,ERICKSON_BYPASS_CONSCIOUS_CONTROL,I did not explain it to them. I said to them they might not even know when their finger squeezed the trigger. It takes all the pressure off because it is not necessary for them to know. The only necessary thing is for the bullet to hit the target.,i->explain->it; finger->squeeze->trigger,ERICKSON_PERMISSIVE_SUGGESTION,You don’t have to go to the bathroom.,,,,,,,,,,,,,,,,,,,
Metaphor & Narrative,0.0027187705856986503,ERICKSON_ANALOGY_NUDGE -> ERICKSON_SHOCK_AND_DOUBLE_BIND -> ERICKSON_DOUBLE_BIND_HUMILITY -> ERICKSON_UTILIZATION_REFRAMING,ERICKSON_ANALOGY_NUDGE,"Well, but you see, I choose it in such a way that they're awfully glad I chose it for them. Just as you take your guest out and you know that your guest would like the $5.75 dinner and is going to settle for the $3.75. You say, ""That filet mignon looks wonderful."" Then what does your guest do? Orders the filet mignon. Just the same procedure entirely.",i->choose->it; i->choose->it,ERICKSON_SHOCK_AND_DOUBLE_BIND,"Yes. But, of course, with that couple I told them they needed shock treatment. And then I proceeded to give them the shock treatment. Now in raising this question of dancing in the nude into the bedroom in the dark, I was literally telling her, ""You can enter the bedroom in the nude. You can carry out this ridiculous fantasy. You can find it amusing. You can experience a lot of feelings within yourself very, very safely."" So I've got her in the process of actually dealing with her own reality, her own feelings. Then, of course, the double bind. I didn't think she ought to do that too soon.",i->tell->them; they->need->treatment,ERICKSON_DOUBLE_BIND_HUMILITY,"Just as soon as you think you can discuss your sexual maladjustments, let me know. Let me know directly, or let me know indirectly. I don't care which it is, and if I'm too stupid to recognize an indirect mention of it, be sure you make me pay attention.",you->discuss->maladjustments; me->pay->attention,ERICKSON_UTILIZATION_REFRAMING,"Well, since I can’t get anything out of her, I will create a situation in which Mary can really teach us all a great deal.",i->get->anything; i->create->situation,,,,,,,,,,,,,,,
Metaphor & Narrative,0.002661770475642975,ERICKSON_ANALOGY_LOGIC -> ERICKSON_DIRECTIVE_OBLIGATION -> ERICKSON_REFRAMING_THROUGH_METAPHOR -> ERICKSON_REFRAMING_UTILIZATION,ERICKSON_ANALOGY_LOGIC,"Then you point out that eventually the little girl, accordingly, is going to be a parent. When do you learn to read a book? For example, a book such as Gone With the Wind. You will learn to read in kindergarten, first, and second and third grade. Because you've got to learn the fundamental processes of reading then. You can't wait until you're 21 to learn to read; it's too late. So you learn the fundamental processes. How does one learn the ABC's of parenthood? After the minister says, ""I now pronounce you man and wife,"" or after the doctor says, ""It's a baby""? Then you've got to deal with the baby as a totality. You've got no time to learn the basic things that you need to learn from your parents when you were a little child. So the parents are obligated to teach their child something about parenthood. So the child will be basically qualified for parenthood when the doctors say, ""It's a baby."" The parents can recognize the logic of that.",you->learn->processes; one->learn->abc,ERICKSON_DIRECTIVE_OBLIGATION,"I think you ought to be awfully sure that your wife teaches your daughter those feminine things that your daughter has to learn from a female, from her mother. And I think that you ought to feel obligated, just as your wife feels obligated, I think you ought to feel obligated to see to it that your daughter has that opportunity.",wife->teach->daughter; daughter->have->opportunity,ERICKSON_REFRAMING_THROUGH_METAPHOR,"Well, tell me how do you shop at a supermarket? All right, now how would you shop in a corner grocery store? The procedure is entirely different. That's right. Now tell me, do you think you shop in the supermarket exactly the same way your wife does? No, she probably has a different procedure. Do you think your son ought to learn how to shop in a corner grocery store? Well, of course, but the procedure is entirely different. He isn't going to do very much shopping in the corner grocery, but do you think he ought to know that procedure, even though it's different? I certainly do. Do you think he ought to know the slightly different procedure your wife has shopping?",she->have->procedure; wife->have->shopping,ERICKSON_REFRAMING_UTILIZATION,"Now, I want to make the accusation of all of you that you talk too softly. I think the truth is, I can’t hear so well.",,,,,,,,,,,,,,,,
Metaphor & Narrative,0.002517530964050325,ERICKSON_ANECDOTE_GROWTH -> ERICKSON_REFRAMING_OBSERVATION -> ERICKSON_INTER_CONTEXTUAL_CUES -> ERICKSON_CONSCIOUS_UNCONSCIOUS_DISSOCIATION,ERICKSON_ANECDOTE_GROWTH,"You know, every time I go away from home for a week or more, when I come back my 13-year-old and 14-year-old daughters have grown, very definitely, a little bit taller. If I had stayed home that week, I wouldn’t have noticed. I remember once I went away for a week and when I came back, my son, Allen, was a half inch taller than his mother. Then I made a second trip that lasted a week and a half, and when I came home he was taller than I was! I wouldn’t have noticed that change [if I had been at home that week].",i->make->trip,ERICKSON_REFRAMING_OBSERVATION,"But when you think of the escape hatch, you are thinking of movement in terms of fear and escape.",,ERICKSON_INTER_CONTEXTUAL_CUES,"I had some repetitive dreams last night about some things that should be said about this. In giving suggestions and instruction to hypnotic subjects in the trance state, it is not only what you say, but it is what they hear, that is important. I can give you an example. Let us say there is a village named Sunflower in Arizona. Let us take another imaginary place we will call Weldon's ditches. You carry on a casual conversation about Arizona and you mention Suntower. Rather than Sunflower. You purposely say Suntower. The person listening automatically and unheedingly corrects you and doesn't know that you actually said ""Suntower."" In talking about the southern part of Arizona and strip mining you mention Welson's Britches (instead of Ditches). Now you have said two things outrageously wrong and the subject has consciously corrected what you said. So consciously they think you said Sunflower"" and Weldon's Ditches. But the unconscious heard you say Suntower and Britches. They detect and remember that. You can later use that because they don't know why they are impelled to talk about a flower and a Dutchman's Britches.",i->have->dreams; i->give->example,ERICKSON_CONSCIOUS_UNCONSCIOUS_DISSOCIATION,"Now, another thing I want to call your attention to is the matter of hypnosis. Hypnosis is the ceasing to use your conscious awareness; in hypnosis you begin to use your unconscious awareness. Because unconsciously you know as much and a lot more than you do consciously.",you->know->much,,,,,,,,,,,,,,,
Reframing & Insight,0.004994180256750667,ERICKSON_PHONOLOGICAL_AMBIGUITY -> ERICKSON_LINGUISTIC_AMBIGUITY -> ERICKSON_PACING_AND_VALIDATION,ERICKSON_PHONOLOGICAL_AMBIGUITY,"Here is another American joke. A lady saw a short-tailed cat at the railroad station and she asked the station keeper, “Manx?” And he said, “No, from two to two to two two.”",lady->see->cat; she->ask->keeper,ERICKSON_LINGUISTIC_AMBIGUITY,"And most Americans don’t get it. The Manx cat out of Manx, England is naturally short-tailed. When the station master said, “Nope, from two to two to two two,” he was referring to the train that arrived at two minutes to two and left at two minutes past two, and ran over the cat’s tail and amputated it.",americans->get->it,ERICKSON_PACING_AND_VALIDATION,You are a little bit surprised about your left hand?,,,,,,,,,,,,,,,,,,,
Reframing & Insight,0.0048518334597499,ERICKSON_REFRAMING_POSSIBILITY -> ERICKSON_REFRAMING_CONFRONTATION -> ERICKSON_PACING_AND_VALIDATION,ERICKSON_REFRAMING_POSSIBILITY,Does every small room have to have all the doors closed? Couldn’t a room be very small and still have the door wide open?,,ERICKSON_REFRAMING_CONFRONTATION,"Yes, but he's committed two sins: He's cheated her and he didn't give her.",he->commit->sins; he->cheat->her,ERICKSON_PACING_AND_VALIDATION,You are a little bit surprised about your left hand?,,,,,,,,,,,,,,,,,,,
Reframing & Insight,0.0037687771615907994,ERICKSON_REFRAMING_AND_PARADOX -> ERICKSON_OPEN_ENDED_CURIOSITY -> ERICKSON_INDIRECT_SUGGESTION,ERICKSON_REFRAMING_AND_PARADOX,"He just didn't remember it. But that damn trip to the library, that is reinforcing the memory but killing the interest. And very definitely killing the interest.",he->remember->it; that->reinforce->memory,ERICKSON_OPEN_ENDED_CURIOSITY,Find out what would happen.,,ERICKSON_INDIRECT_SUGGESTION,She didn’t watch her wiggle and watch all the others wiggle. Now all of you understand what I mean when I say “watch the others wiggle.” You’re staying awfully still for somebody who is awake. Now let your arm get more and more tired until you want to... use your left hand to push it down....,she->watch->wiggle,,,,,,,,,,,,,,,,,,
Reframing & Insight,0.003758147553759933,ERICKSON_PHYSIOLOGICAL_ATTUNEMENT -> ERICKSON_STRATEGIC_PROVOCATION -> ERICKSON_INDIRECT_SUGGESTION,ERICKSON_PHYSIOLOGICAL_ATTUNEMENT,"Now, tell me what happened. How is your heart rate?",,ERICKSON_STRATEGIC_PROVOCATION,I am glad of that. Would you like to get even with Mrs. Linden?,,ERICKSON_INDIRECT_SUGGESTION,She didn’t watch her wiggle and watch all the others wiggle. Now all of you understand what I mean when I say “watch the others wiggle.” You’re staying awfully still for somebody who is awake. Now let your arm get more and more tired until you want to... use your left hand to push it down....,she->watch->wiggle,,,,,,,,,,,,,,,,,,
Reframing & Insight,0.0037580742433369666,ERICKSON_REFRAMING_AND_PATTERN_INTERRUPT -> ERICKSON_STRATEGIC_DIAGNOSIS -> ERICKSON_INDIRECT_SUGGESTION,ERICKSON_REFRAMING_AND_PATTERN_INTERRUPT,"Then I would tell him, ""Your wife needs a great deal of management, much more than I can give her, the kind of management that I would have to rely on you to give her."" How often do they have sexual relations, and when?",i->tell->him; wife->need->deal,ERICKSON_STRATEGIC_DIAGNOSIS,He's the one that needs therapy.,that->need->therapy,ERICKSON_INDIRECT_SUGGESTION,She didn’t watch her wiggle and watch all the others wiggle. Now all of you understand what I mean when I say “watch the others wiggle.” You’re staying awfully still for somebody who is awake. Now let your arm get more and more tired until you want to... use your left hand to push it down....,she->watch->wiggle,,,,,,,,,,,,,,,,,,
Reframing & Insight,0.0036251305530714335,ERICKSON_REFRAMING_PROCESS -> ERICKSON_DIAGNOSTIC_HEURISTIC -> ERICKSON_UTILIZATION_REFRAMING,ERICKSON_REFRAMING_PROCESS,She had time to digest the word.,she->have->time,ERICKSON_DIAGNOSTIC_HEURISTIC,In a woman with a low back pain you always suspect sexual difficulties.,you->suspect->difficulties,ERICKSON_UTILIZATION_REFRAMING,"Well, since I can’t get anything out of her, I will create a situation in which Mary can really teach us all a great deal.",i->get->anything; i->create->situation,,,,,,,,,,,,,,,,,,
Reframing & Insight,0.0035647574994086668,ERICKSON_PHYSIOLOGICAL_VALIDATION -> ERICKSON_UTILIZATION_EDUCATION -> ERICKSON_UTILIZATION_REFRAMING,ERICKSON_PHYSIOLOGICAL_VALIDATION,"It's due to a different muscle tone. Her face is ironed out, there is greater plasticity and relaxation of all the muscles, including those controlling voice.",,ERICKSON_UTILIZATION_EDUCATION,"She has this awakening reaction because I had not given her any specific instructions to disregard all extraneous stimuli while in trance. You need to know that any alien stimulus can enter into the trance situation, and you need to learn to deal with it. Mrs. Erickson may be in a deep trance when the phone rings, and she may answer it while remaining in trance. If it's an unfamiliar voice on the phone, she will wake right up, but if she knows who it is, she may remain in trance altering her voice so the person will not notice she is in trance. But if the other person is one of my hypnotic subjects, they will recognize the trance.",she->have->reaction; i->give->instructions,ERICKSON_UTILIZATION_REFRAMING,"Well, since I can’t get anything out of her, I will create a situation in which Mary can really teach us all a great deal.",i->get->anything; i->create->situation,,,,,,,,,,,,,,,,,,
Reframing & Insight,0.0033107710234462663,ERICKSON_REFRAMING_OBSERVATION -> ERICKSON_INTER_CONTEXTUAL_CUES -> ERICKSON_CONSCIOUS_UNCONSCIOUS_DISSOCIATION,ERICKSON_REFRAMING_OBSERVATION,"But when you think of the escape hatch, you are thinking of movement in terms of fear and escape.",,ERICKSON_INTER_CONTEXTUAL_CUES,"I had some repetitive dreams last night about some things that should be said about this. In giving suggestions and instruction to hypnotic subjects in the trance state, it is not only what you say, but it is what they hear, that is important. I can give you an example. Let us say there is a village named Sunflower in Arizona. Let us take another imaginary place we will call Weldon's ditches. You carry on a casual conversation about Arizona and you mention Suntower. Rather than Sunflower. You purposely say Suntower. The person listening automatically and unheedingly corrects you and doesn't know that you actually said ""Suntower."" In talking about the southern part of Arizona and strip mining you mention Welson's Britches (instead of Ditches). Now you have said two things outrageously wrong and the subject has consciously corrected what you said. So consciously they think you said Sunflower"" and Weldon's Ditches. But the unconscious heard you say Suntower and Britches. They detect and remember that. You can later use that because they don't know why they are impelled to talk about a flower and a Dutchman's Britches.",i->have->dreams; i->give->example,ERICKSON_CONSCIOUS_UNCONSCIOUS_DISSOCIATION,"Now, another thing I want to call your attention to is the matter of hypnosis. Hypnosis is the ceasing to use your conscious awareness; in hypnosis you begin to use your unconscious awareness. Because unconsciously you know as much and a lot more than you do consciously.",you->know->much,,,,,,,,,,,,,,,,,,
Reframing & Insight,0.0032637900047651665,ERICKSON_LOGICAL_GENERALIZATION -> ERICKSON_TRY_PARADOX -> ERICKSON_CONSCIOUS_UNCONSCIOUS_DISSOCIATION,ERICKSON_LOGICAL_GENERALIZATION,"If I can put a trance in her hips, she has to recognize I can put a trance in her hands.",i->put->trance; i->put->trance,ERICKSON_TRY_PARADOX,Try to sit down.,,ERICKSON_CONSCIOUS_UNCONSCIOUS_DISSOCIATION,"Now, another thing I want to call your attention to is the matter of hypnosis. Hypnosis is the ceasing to use your conscious awareness; in hypnosis you begin to use your unconscious awareness. Because unconsciously you know as much and a lot more than you do consciously.",you->know->much,,,,,,,,,,,,,,,,,,
Reframing & Insight,0.0032172448563110665,ERICKSON_REFRAMING_NOMINALIZATION -> ERICKSON_POSTHYPNOTIC_FEEDBACK_LOOP -> ERICKSON_CONSCIOUS_UNCONSCIOUS_DISSOCIATION,ERICKSON_REFRAMING_NOMINALIZATION,"우리는 이것을 '외부 현실의 희미해짐'이라고 부를 것입니다. 외부 현실이 희미해지면, 당신은 혼란을 느끼게 됩니다.",,ERICKSON_POSTHYPNOTIC_FEEDBACK_LOOP,"In future work with you, your unconscious is going to resort to that pupillary dilation many times to let Dr. H know that your unconscious is really talking, is really listening; so that he, in watching your pupils, will recognize that he is talking to both your conscious mind and your unconscious mind; [so that he will know] that your unconscious mind has thereby invited him to say something. Now whether or not he says the right thing is not important. The mere fact that he says something, because your unconscious invited him to, and that tells your unconscious that he is being responsive, and therefore it can be responsive, too.",mind->invite->him; he->say->something,ERICKSON_CONSCIOUS_UNCONSCIOUS_DISSOCIATION,"Now, another thing I want to call your attention to is the matter of hypnosis. Hypnosis is the ceasing to use your conscious awareness; in hypnosis you begin to use your unconscious awareness. Because unconsciously you know as much and a lot more than you do consciously.",you->know->much,,,,,,,,,,,,,,,,,,
Future Pacing & Integration,0.0048997208016333,ERICKSON_POSTHYPNOTIC_VALIDATION -> ERICKSON_UNCONSCIOUS_PROCESS -> ERICKSON_PACING_AND_VALIDATION,ERICKSON_POSTHYPNOTIC_VALIDATION,He is following the posthypnotic suggestion given back in the last session.,he->follow->suggestion,ERICKSON_UNCONSCIOUS_PROCESS,"I worked with Mary for Mary’s benefit, not for the benefit of the audience. I want Mary to mull it all over in her own unconscious mind, and to think it over, and to incorporate it into her thinking. Then I can be sure that Mary is going to sing in front of an audience. I am not going to put her in a challenging situation.",mary->mull->it,ERICKSON_PACING_AND_VALIDATION,You are a little bit surprised about your left hand?,,,,,,,,,,,,,,,,,,,
Future Pacing & Integration,0.004804344223306267,ERICKSON_FUTURE_PACING_AND_GENERALIZATION -> ERICKSON_ANTI_PATTERN_CONTRADICTION -> ERICKSON_PACING_AND_VALIDATION,ERICKSON_FUTURE_PACING_AND_GENERALIZATION,"You may get married some time. You may get pregnant. You may not get married. You may have a severe attack of pneumonia that will interfere with your period, and so you will have an interruption of your menstrual cycle. Bear in mind that everything I have said about this matter of therapy for your regular menstruation does not extend just up to a skipped period or to a time of no periods, but it extends beyond. If you get married and get pregnant, there will be a total interruption of your menstrual cycle. You will be a different person after you get married, get pregnant, have the baby, nurse the baby. You will be totally different physiologically, psychologically, and somatically. When your menstruation resumes after your baby is born you need to understand that everything I have said about menstruation today, here in the office, applies to you as the mother of a child; applies to you as a person who has recovered from a severe bout with pneumonia; applies to you as a person who has experienced anything that interferes with the menstrual period. In other words, no interruption of your menstrual period can terminate the effectiveness of this therapy.",you->have->attack; you->have->interruption,ERICKSON_ANTI_PATTERN_CONTRADICTION,"It doesn’t hurt, or You’ll feel better shortly. You don’t need to be afraid...I’m not going to hurt you... This Novocain will really fix you up... You won’t notice this local anesthetic much",novocain->fix->you; you->notice->anesthetic,ERICKSON_PACING_AND_VALIDATION,You are a little bit surprised about your left hand?,,,,,,,,,,,,,,,,,,,
Future Pacing & Integration,0.0037575588332940998,ERICKSON_INTEGRATION_DIRECTIVE -> ERICKSON_DISSOCIATION_AFFECT_SPLIT -> ERICKSON_INDIRECT_SUGGESTION,ERICKSON_INTEGRATION_DIRECTIVE,There has to be an integration of unconscious learnings with conscious learnings. This should be foremost in your mind whenever you use hypnosis on psychiatric patients.,you->use->hypnosis,ERICKSON_DISSOCIATION_AFFECT_SPLIT,"I have demonstrated this phenomenon in the past by having one of my demonstration subjects recover all the merriment of a joke without knowing what the joke was. And yet that subject laughed and laughed in the merriest fashion over the joke, wondering at the time what the joke was! Later, I let my subject remember the actual joke.",i->demonstrate->phenomenon; one->recover->merriment,ERICKSON_INDIRECT_SUGGESTION,She didn’t watch her wiggle and watch all the others wiggle. Now all of you understand what I mean when I say “watch the others wiggle.” You’re staying awfully still for somebody who is awake. Now let your arm get more and more tired until you want to... use your left hand to push it down....,she->watch->wiggle,,,,,,,,,,,,,,,,,,
Future Pacing & Integration,0.0036392316001728,ERICKSON_AMNESIA_IMPLICATION -> ERICKSON_INDIRECT_INDUCTION_QUESTIONS -> ERICKSON_FRAGMENTATION_UTILIZATION -> ERICKSON_PACING_AND_VALIDATION,ERICKSON_AMNESIA_IMPLICATION,"Yes, I'm causing an amnesia by implying ""that's all over and done with. Now let's go on to something else.""",i->cause->amnesia,ERICKSON_INDIRECT_INDUCTION_QUESTIONS,"What kind of trance would you like to experience? How long will it take you to go into that trance? How will you know you are beginning to experience trance? Now do you really think you are still fully awake? How much of a trance do you feel you are in already? How soon will your trance deepen? You will let me know when it is deep enough, will you not? What would you now like to experience in this trance as it continues to deepen? Or would you like it as a surprise? Sooner or later? Will you let your hand (finger, head) move when it feels warm (cold, numb, etc.)? And you don't know how much of that numbness you would like to maintain after you awaken, do you?",it->take->you; you->like->it,ERICKSON_FRAGMENTATION_UTILIZATION,You induce a small fragment of the trance and then another. Then you can connect those two.,you->induce->fragment; you->connect->two,ERICKSON_PACING_AND_VALIDATION,You are a little bit surprised about your left hand?,,,,,,,,,,,,,,,,
Future Pacing & Integration,0.00293996815696938,ERICKSON_FUTURE_PACING_LINKAGE -> ERICKSON_GENERALIZATION_STORY -> ERICKSON_PRESUPPOSITION_SEARCH -> ERICKSON_FUTURE_PACING_UNCONSCIOUS_GUIDANCE -> ERICKSON_PACING_AND_VALIDATION,ERICKSON_FUTURE_PACING_LINKAGE,"Yes. When I associate her current hypnotic learning with inevitable things that will happen to her child, I'm extending these learnings into her future as an unrecognized posthypnotic suggestion.",i->associate->learning; i->extend->learnings,ERICKSON_GENERALIZATION_STORY,I now generalize it further with this other story of how I taught a physician the surprise technique of anesthesia.,i->generalize->it; i->teach->physician,ERICKSON_PRESUPPOSITION_SEARCH,One thing more: Your returning memories will start. What tune did you say the water bag broke?,,ERICKSON_FUTURE_PACING_UNCONSCIOUS_GUIDANCE,"The memories will start by a sudden recovery of that memory, very intense, and then you can go on to the rest. You see, you weren't asking for the breaking of the water bag. You are asking for something hours later. Your unconscious will probably pick out the breaking of the water and then go on.",unconscious->pick->breaking,ERICKSON_PACING_AND_VALIDATION,You are a little bit surprised about your left hand?,,,,,,,,,,,,,
Future Pacing & Integration,0.0027555523533679335,ERICKSON_FUTURE_PACING_AMNESIA -> ERICKSON_UNCONSCIOUS_PROTECTION -> ERICKSON_PERMISSIVE_SUGGESTION,ERICKSON_FUTURE_PACING_AMNESIA,"And you don’t know who that person is? No, you don’t know. I am going to ask you this same question next year around May 2, 1962. Will that be all right? And what is the answer you are going to give me?",,ERICKSON_UNCONSCIOUS_PROTECTION,"Yes, within the framework that has been given her. Only she can’t analyze that framework.",that->give->her; she->analyze->framework,ERICKSON_PERMISSIVE_SUGGESTION,You don’t have to go to the bathroom.,,,,,,,,,,,,,,,,,,,
Future Pacing & Integration,0.002754423219273,ERICKSON_LEARNING_AUTONOMY -> ERICKSON_CHALLENGE_CONSCIOUS_PREMISE -> ERICKSON_YES_SET_PACING,ERICKSON_LEARNING_AUTONOMY,"In a learning situation you have to do your own learning. I want you to learn a lot faster than I did. It took me about 30 years to learn, and there is no sense in that. Now if I were treating you for a problem, I'd stay with you and give you support at different points. But you are in a learning process, getting the feel of everything.",it->take->me; i->treat->you,ERICKSON_CHALLENGE_CONSCIOUS_PREMISE,Are you sure you come out of it because you are bored?,,ERICKSON_YES_SET_PACING,And are there lots of trees?,,,,,,,,,,,,,,,,,,,
Future Pacing & Integration,0.00251948014039215,ERICKSON_AMNESIA_LINKING -> ERICKSON_POST_HYPNOTIC_AMNESIA_AND_PERMISSIVE_SUGGESTION -> ERICKSON_RATIFICATION_PHYSIOLOGY -> ERICKSON_CONSCIOUS_UNCONSCIOUS_DISSOCIATION,ERICKSON_AMNESIA_LINKING,It's tying that previous section with this section.,it->tie->section,ERICKSON_POST_HYPNOTIC_AMNESIA_AND_PERMISSIVE_SUGGESTION,"Yes, all that material will fall into a lacuna. I also said that about not needing to listen to me and letting your mind wander in an earlier section.",,ERICKSON_RATIFICATION_PHYSIOLOGY,"But your unconscious mind will pay attention, you will understand. And you are drifting into a trance. You've altered your rhythm of breathing. Your pulse rate is changed. I know that from past experience.",mind->pay->attention; you->alter->rhythm,ERICKSON_CONSCIOUS_UNCONSCIOUS_DISSOCIATION,"Now, another thing I want to call your attention to is the matter of hypnosis. Hypnosis is the ceasing to use your conscious awareness; in hypnosis you begin to use your unconscious awareness. Because unconsciously you know as much and a lot more than you do consciously.",you->know->much,,,,,,,,,,,,,,,
Future Pacing & Integration,0.00248404167069205,ERICKSON_POSTHYPNOTIC_DISSOCIATION -> ERICKSON_REFRAMING_NOMINALIZATION -> ERICKSON_POSTHYPNOTIC_FEEDBACK_LOOP -> ERICKSON_CONSCIOUS_UNCONSCIOUS_DISSOCIATION,ERICKSON_POSTHYPNOTIC_DISSOCIATION,"and you won't, will you? You will see them but you won't be able to feel them after I awaken you. Agreed?",you->see->them; i->awaken->you,ERICKSON_REFRAMING_NOMINALIZATION,"우리는 이것을 '외부 현실의 희미해짐'이라고 부를 것입니다. 외부 현실이 희미해지면, 당신은 혼란을 느끼게 됩니다.",,ERICKSON_POSTHYPNOTIC_FEEDBACK_LOOP,"In future work with you, your unconscious is going to resort to that pupillary dilation many times to let Dr. H know that your unconscious is really talking, is really listening; so that he, in watching your pupils, will recognize that he is talking to both your conscious mind and your unconscious mind; [so that he will know] that your unconscious mind has thereby invited him to say something. Now whether or not he says the right thing is not important. The mere fact that he says something, because your unconscious invited him to, and that tells your unconscious that he is being responsive, and therefore it can be responsive, too.",mind->invite->him; he->say->something,ERICKSON_CONSCIOUS_UNCONSCIOUS_DISSOCIATION,"Now, another thing I want to call your attention to is the matter of hypnosis. Hypnosis is the ceasing to use your conscious awareness; in hypnosis you begin to use your unconscious awareness. Because unconsciously you know as much and a lot more than you do consciously.",you->know->much,,,,,,,,,,,,,,,
Future Pacing & Integration,0.00204510052360012,ERICKSON_FUTURE_PRESUPPOSITION -> ERICKSON_DOUBLE_BIND_FUTURE_PACING -> ERICKSON_DOUBLE_BIND_DEPOTENTIATION -> ERICKSON_DOUBLE_BIND_UNCONSCIOUS -> ERICKSON_CONSCIOUS_UNCONSCIOUS_DISSOCIATION,ERICKSON_FUTURE_PRESUPPOSITION,Your behavior will change.,,ERICKSON_DOUBLE_BIND_FUTURE_PACING,"I know your father and mother have been asking you, Jimmy, to quit biting your nails. They don't seem to know that you're just a six-year-old boy. And they don't seem to know that you will naturally quit biting your nails just before you're seven years old. And they really don't know that! So when they tell you to stop biting your nails, just ignore them!",father->ask->you; they->know->that,ERICKSON_DOUBLE_BIND_DEPOTENTIATION,But your conscious mind will keep it only with the consent of your unconscious mind.,mind->keep->it,ERICKSON_DOUBLE_BIND_UNCONSCIOUS,You don't need to listen to me. Your unconscious mind can listen to me without your knowledge.,,ERICKSON_CONSCIOUS_UNCONSCIOUS_DISSOCIATION,"Now, another thing I want to call your attention to is the matter of hypnosis. Hypnosis is the ceasing to use your conscious awareness; in hypnosis you begin to use your unconscious awareness. Because unconsciously you know as much and a lot more than you do consciously.",you->know->much,,,,,,,,,,,,
